{
    "shirt": {
        "black": 0.11235100030899048,
        "gray": 0.016555575653910637,
        "white": 0.6710826754570007,
        "dark_blue": 0.012987845577299595,
        "light_blue": 0.01948188617825508,
        "cyan": 0.010363801382482052,
        "cream": 0.011251897551119328,
        "yellow": 0.011529878713190556,
        "purple": 0.0023339255712926388,
        "green": 0.008778641000390053,
        "light_green": 0.013728581368923187,
        "dark_brown": 0.029661960899829865,
        "light_brown": 0.043603427708148956,
        "maroon": 0.01157616451382637,
        "red": 0.004749688319861889,
        "pink": 0.019962966442108154
    },
    "outerwear": {
        "black": 0.2201002985239029,
        "gray": 0.037361666560173035,
        "white": 0.34259089827537537,
        "dark_blue": 0.04101203754544258,
        "light_blue": 0.04836714267730713,
        "cyan": 0.01683720387518406,
        "cream": 0.08716945350170135,
        "yellow": 0.0230810958892107,
        "purple": 0.002693454036489129,
        "green": 0.016499822959303856,
        "light_green": 0.010716785676777363,
        "dark_brown": 0.012189043685793877,
        "light_brown": 0.07917802035808563,
        "maroon": 0.023268384858965874,
        "red": 0.019702207297086716,
        "pink": 0.019232627004384995
    },
    "pants": {
        "black": 0.12241150438785553,
        "gray": 0.09613669663667679,
        "white": 0.11108744889497757,
        "dark_blue": 0.12055616825819016,
        "light_blue": 0.2533172070980072,
        "cyan": 0.004737658426165581,
        "cream": 0.09611835330724716,
        "yellow": 0.015205773524940014,
        "purple": 0.01577518880367279,
        "green": 0.007142222486436367,
        "light_green": 0.0049097477458417416,
        "dark_brown": 0.003936976660043001,
        "light_brown": 0.09939335286617279,
        "maroon": 0.012079075910151005,
        "red": 0.021019643172621727,
        "pink": 0.016172945499420166
    },
    "shoes": {
        "black": 0.5244424939155579,
        "gray": 0.01852382719516754,
        "white": 0.30309540033340454,
        "dark_blue": 0.0056382957845926285,
        "light_blue": 0.008697091601788998,
        "cyan": 0.002935046097263694,
        "cream": 0.024891715496778488,
        "yellow": 0.00535214226692915,
        "purple": 0.004012518562376499,
        "green": 0.00269600679166615,
        "light_green": 0.0027442588470876217,
        "dark_brown": 0.01750592701137066,
        "light_brown": 0.057735294103622437,
        "maroon": 0.0040323068387806416,
        "red": 0.014200478792190552,
        "pink": 0.003497243393212557
    }
}