{
    "shirt": {
        "black": 0.027221044525504112,
        "gray": 0.010112117975950241,
        "white": 0.8715616464614868,
        "dark_blue": 0.008465328253805637,
        "light_blue": 0.012422660365700722,
        "cyan": 0.005423837341368198,
        "cream": 0.0029078759253025055,
        "yellow": 0.00718830619007349,
        "purple": 0.002935976954177022,
        "green": 0.003266433486714959,
        "light_green": 0.004736257717013359,
        "dark_brown": 0.011643607169389725,
        "light_brown": 0.01152493990957737,
        "maroon": 0.004754468332976103,
        "red": 0.0014571368228644133,
        "pink": 0.014378374442458153
    },
    "outerwear": {
        "black": 0.08210314065217972,
        "gray": 0.03495175763964653,
        "white": 0.5576111674308777,
        "dark_blue": 0.025012291967868805,
        "light_blue": 0.038506269454956055,
        "cyan": 0.016518115997314453,
        "cream": 0.1081002727150917,
        "yellow": 0.011174936778843403,
        "purple": 0.001576316193677485,
        "green": 0.01721806637942791,
        "light_green": 0.0043886019848287106,
        "dark_brown": 0.007057541981339455,
        "light_brown": 0.048686012625694275,
        "maroon": 0.02051657997071743,
        "red": 0.005980688147246838,
        "pink": 0.020598264411091805
    },
    "pants": {
        "black": 0.22626955807209015,
        "gray": 0.08395051211118698,
        "white": 0.13171814382076263,
        "dark_blue": 0.12130279093980789,
        "light_blue": 0.1631580889225006,
        "cyan": 0.004491201601922512,
        "cream": 0.09737258404493332,
        "yellow": 0.009307009167969227,
        "purple": 0.021747728809714317,
        "green": 0.007175551261752844,
        "light_green": 0.007141767535358667,
        "dark_brown": 0.0026025748811662197,
        "light_brown": 0.06693655252456665,
        "maroon": 0.010909817181527615,
        "red": 0.03706544637680054,
        "pink": 0.008850687183439732
    },
    "shoes": {
        "black": 0.622063398361206,
        "gray": 0.010389125905930996,
        "white": 0.26278430223464966,
        "dark_blue": 0.0019331127405166626,
        "light_blue": 0.0065664988942444324,
        "cyan": 0.0013627867447212338,
        "cream": 0.024884996935725212,
        "yellow": 0.004906829912215471,
        "purple": 0.001843414269387722,
        "green": 0.0012702393578365445,
        "light_green": 0.002076595090329647,
        "dark_brown": 0.0070307874120771885,
        "light_brown": 0.04088210314512253,
        "maroon": 0.0010538700735196471,
        "red": 0.009029509499669075,
        "pink": 0.0019224954303354025
    }
}